title,times
Cannot reach shared folder,10
Cannot connect to Wi-Fi,10
Connected but no internet,9
Computer will not turn on,9
Printer offline,7
Computer very slow,7
Software license expired,6
Email client not opening,6
Windows update failed,5
Slow network,5
New user account request,5
Laptop battery drains fast,5
Forgot password,5
Cannot install software,5
IP address conflict,4
Email not receiving messages,4
Paper jam,3
Need access to shared drive,3
Monitor shows no display,3
Keyboard or mouse not working,3
Printer not printing,2
Application keeps crashing,2
Account locked,2
