day,total
2026-08-03,3
2026-08-04,3
2026-08-05,1
2026-08-06,1
2026-08-09,1
2026-08-10,3
2026-08-11,2
2026-08-12,5
2026-08-13,2
2026-08-17,5
2026-08-18,2
2026-08-19,4
2026-08-20,4
2026-08-21,2
2026-08-23,2
2026-08-24,5
2026-08-25,4
2026-08-26,2
2026-08-27,2
2026-08-28,6
2026-08-29,2
2026-08-31,4
2026-09-01,1
2026-09-02,1
2026-09-03,2
2026-09-04,3
2026-09-07,4
2026-09-08,2
2026-09-09,3
2026-09-10,6
2026-09-11,5
2026-09-12,1
2026-09-15,7
2026-09-16,2
2026-09-17,2
2026-09-19,1
2026-09-21,5
2026-09-22,3
2026-09-23,3
2026-09-25,1
2026-09-26,2
2026-09-27,1
